{"stats":{"minecraft:used":{"minecraft:cooked_mutton":2,"minecraft:water_bucket":11,"minecraft:stone_shovel":4,"minecraft:stone_pickaxe":94,"minecraft:oak_planks":44,"minecraft:shield":1,"minecraft:wooden_pickaxe":6,"minecraft:cooked_chicken":1,"minecraft:rotten_flesh":5,"minecraft:netherrack":77,"minecraft:iron_chestplate":1,"minecraft:dirt":23,"minecraft:warped_wart_block":2,"minecraft:mutton":1,"minecraft:crafting_table":8,"minecraft:warped_planks":3,"minecraft:oak_log":1,"minecraft:iron_pickaxe":173,"minecraft:iron_boots":1,"minecraft:gravel":3,"minecraft:stone_axe":48,"minecraft:cobblestone":15,"minecraft:soul_soil":1,"minecraft:furnace":2,"minecraft:bucket":14},"minecraft:killed_by":{"minecraft:skeleton":1,"minecraft:spider":1,"minecraft:zombie":3},"minecraft:mined":{"minecraft:crafting_table":7,"minecraft:short_grass":15,"minecraft:allium":1,"minecraft:grass_block":14,"minecraft:warped_roots":1,"minecraft:soul_soil":1,"minecraft:tall_grass":6,"minecraft:spruce_leaves":1,"minecraft:oak_planks":3,"minecraft:warped_wart_block":4,"minecraft:warped_nylium":5,"minecraft:furnace":1,"minecraft:iron_ore":34,"minecraft:fire":1,"minecraft:oak_log":28,"minecraft:coal_ore":2,"minecraft:warped_stem":4,"minecraft:dirt":15,"minecraft:gravel":8,"minecraft:stone":58,"minecraft:netherrack":163,"minecraft:oak_leaves":1},"minecraft:dropped":{"minecraft:gravel":2,"minecraft:stone_hoe":1,"minecraft:stone_axe":2,"minecraft:warped_roots":2,"minecraft:mutton":1,"minecraft:brown_wool":1,"minecraft:stone_pickaxe":5,"minecraft:wooden_pickaxe":2,"minecraft:egg":1},"minecraft:custom":{"minecraft:interact_with_furnace":27,"minecraft:mob_kills":10,"minecraft:interact_with_crafting_table":25,"minecraft:leave_game":5,"minecraft:time_since_death":4373,"minecraft:climb_one_cm":680,"minecraft:time_since_rest":4407,"minecraft:sprint_one_cm":221417,"minecraft:damage_taken":2227,"minecraft:walk_one_cm":122724,"minecraft:damage_blocked_by_shield":35,"minecraft:drop":17,"minecraft:damage_dealt":1831,"minecraft:swim_one_cm":18120,"minecraft:fly_one_cm":303398,"minecraft:crouch_one_cm":16830,"minecraft:play_time":81023,"minecraft:deaths":8,"minecraft:sneak_time":6593,"minecraft:walk_under_water_one_cm":5422,"minecraft:jump":1669,"minecraft:walk_on_water_one_cm":5123,"minecraft:total_world_time":81023,"minecraft:fall_one_cm":60336},"minecraft:picked_up":{"minecraft:crafting_table":7,"minecraft:chicken":2,"minecraft:brown_wool":1,"minecraft:flint":2,"minecraft:oak_log":28,"minecraft:shield":1,"minecraft:dirt":32,"minecraft:soul_soil":1,"minecraft:iron_leggings":1,"minecraft:warped_stem":4,"minecraft:bucket":2,"minecraft:iron_ingot":1,"minecraft:stone_pickaxe":3,"minecraft:iron_pickaxe":2,"minecraft:furnace":1,"minecraft:stone_hoe":1,"minecraft:oak_planks":40,"minecraft:iron_boots":1,"minecraft:egg":1,"minecraft:stick":2,"minecraft:raw_iron":34,"minecraft:warped_wart_block":4,"minecraft:gravel":5,"minecraft:stone_shovel":1,"minecraft:rotten_flesh":7,"minecraft:stone_axe":4,"minecraft:warped_roots":3,"minecraft:oak_sapling":1,"minecraft:netherrack":158,"minecraft:mutton":4,"minecraft:coal":2,"minecraft:white_wool":2,"minecraft:cobblestone":65},"minecraft:killed":{"minecraft:skeleton":3,"minecraft:sheep":2,"minecraft:zombie":4,"minecraft:chicken":1},"minecraft:crafted":{"minecraft:oak_planks":104,"minecraft:stone_shovel":2,"minecraft:crafting_table":4,"minecraft:wooden_pickaxe":2,"minecraft:cooked_chicken":1,"minecraft:furnace":2,"minecraft:bucket":2,"minecraft:stone_axe":2,"minecraft:cooked_mutton":2,"minecraft:air":0,"minecraft:flint_and_steel":2,"minecraft:warped_planks":16,"minecraft:iron_chestplate":1,"minecraft:iron_boots":1,"minecraft:shield":1,"minecraft:stick":32,"minecraft:iron_ingot":34,"minecraft:iron_pickaxe":2,"minecraft:stone_pickaxe":2,"minecraft:iron_leggings":1,"minecraft:stone_hoe":1}},"DataVersion":3953}