{"stats":{"minecraft:used":{"minecraft:stone_axe":10,"minecraft:dirt":13,"minecraft:crafting_table":2,"minecraft:stone_pickaxe":43,"minecraft:oak_planks":15,"minecraft:wooden_pickaxe":3},"minecraft:killed_by":{"minecraft:zombie":1},"minecraft:mined":{"minecraft:short_grass":7,"minecraft:oak_log":9,"minecraft:grass_block":6,"minecraft:dirt":10,"minecraft:iron_ore":7,"minecraft:tall_grass":6,"minecraft:stone":34,"minecraft:crafting_table":2},"minecraft:dropped":{"minecraft:wooden_pickaxe":1},"minecraft:custom":{"minecraft:time_since_rest":10885,"minecraft:crouch_one_cm":1166,"minecraft:play_time":11418,"minecraft:sprint_one_cm":28073,"minecraft:deaths":1,"minecraft:damage_taken":385,"minecraft:walk_one_cm":11757,"minecraft:sneak_time":1114,"minecraft:drop":1,"minecraft:jump":198,"minecraft:damage_dealt":42,"minecraft:walk_on_water_one_cm":194,"minecraft:leave_game":3,"minecraft:time_since_death":10811,"minecraft:total_world_time":11418,"minecraft:interact_with_crafting_table":4,"minecraft:fall_one_cm":7102,"minecraft:fly_one_cm":42861},"minecraft:picked_up":{"minecraft:raw_iron":7,"minecraft:crafting_table":2,"minecraft:oak_log":9,"minecraft:dirt":16,"minecraft:cobblestone":32},"minecraft:crafted":{"minecraft:oak_planks":36,"minecraft:stone_shovel":1,"minecraft:stone_axe":1,"minecraft:crafting_table":1,"minecraft:stick":8,"minecraft:stone_pickaxe":1,"minecraft:wooden_pickaxe":1}},"DataVersion":3953}