{"stats":{"minecraft:killed_by":{"minecraft:zombie":1},"minecraft:picked_up":{"minecraft:dirt":3},"minecraft:custom":{"minecraft:jump":44,"minecraft:time_since_rest":1833,"minecraft:damage_taken":245,"minecraft:leave_game":2,"minecraft:damage_dealt":42,"minecraft:crouch_one_cm":108,"minecraft:sprint_one_cm":4245,"minecraft:play_time":2366,"minecraft:walk_one_cm":1840,"minecraft:time_since_death":1759,"minecraft:deaths":1,"minecraft:sneak_time":18,"minecraft:total_world_time":2366,"minecraft:fall_one_cm":1240,"minecraft:fly_one_cm":10123},"minecraft:mined":{"minecraft:tall_grass":4,"minecraft:grass_block":1,"minecraft:dirt":2,"minecraft:short_grass":1}},"DataVersion":3953}