{"stats":{"minecraft:used":{"minecraft:cooked_mutton":2,"minecraft:stone_pickaxe":52,"minecraft:oak_planks":38,"minecraft:wooden_pickaxe":3,"minecraft:cooked_chicken":1,"minecraft:rotten_flesh":4,"minecraft:netherrack":77,"minecraft:dirt":16,"minecraft:mutton":1,"minecraft:crafting_table":4,"minecraft:iron_pickaxe":168,"minecraft:gravel":3,"minecraft:stone_axe":28,"minecraft:cobblestone":15,"minecraft:soul_soil":1,"minecraft:furnace":1,"minecraft:bucket":1},"minecraft:killed_by":{"minecraft:skeleton":1,"minecraft:zombie":1},"minecraft:mined":{"minecraft:crafting_table":4,"minecraft:short_grass":8,"minecraft:grass_block":7,"minecraft:soul_soil":1,"minecraft:tall_grass":6,"minecraft:oak_planks":3,"minecraft:warped_nylium":5,"minecraft:iron_ore":7,"minecraft:fire":1,"minecraft:oak_log":12,"minecraft:coal_ore":2,"minecraft:dirt":12,"minecraft:gravel":4,"minecraft:stone":38,"minecraft:netherrack":163},"minecraft:dropped":{"minecraft:warped_roots":2,"minecraft:mutton":1,"minecraft:brown_wool":1,"minecraft:stone_pickaxe":2,"minecraft:wooden_pickaxe":1},"minecraft:custom":{"minecraft:interact_with_furnace":11,"minecraft:mob_kills":6,"minecraft:interact_with_crafting_table":9,"minecraft:leave_game":4,"minecraft:time_since_death":3967,"minecraft:time_since_rest":3997,"minecraft:sprint_one_cm":127301,"minecraft:damage_taken":940,"minecraft:walk_one_cm":48502,"minecraft:drop":7,"minecraft:damage_dealt":979,"minecraft:swim_one_cm":1457,"minecraft:fly_one_cm":132840,"minecraft:crouch_one_cm":11340,"minecraft:play_time":35409,"minecraft:deaths":3,"minecraft:sneak_time":4435,"minecraft:walk_under_water_one_cm":23,"minecraft:jump":752,"minecraft:walk_on_water_one_cm":1019,"minecraft:total_world_time":35409,"minecraft:fall_one_cm":25446},"minecraft:picked_up":{"minecraft:crafting_table":4,"minecraft:chicken":2,"minecraft:brown_wool":1,"minecraft:flint":1,"minecraft:oak_log":12,"minecraft:dirt":19,"minecraft:soul_soil":1,"minecraft:bucket":1,"minecraft:iron_ingot":1,"minecraft:stone_pickaxe":1,"minecraft:iron_pickaxe":1,"minecraft:oak_planks":17,"minecraft:stick":2,"minecraft:raw_iron":7,"minecraft:gravel":3,"minecraft:rotten_flesh":4,"minecraft:stone_axe":1,"minecraft:warped_roots":2,"minecraft:netherrack":158,"minecraft:mutton":4,"minecraft:coal":2,"minecraft:white_wool":2,"minecraft:cobblestone":42},"minecraft:killed":{"minecraft:skeleton":1,"minecraft:sheep":2,"minecraft:zombie":2,"minecraft:chicken":1},"minecraft:crafted":{"minecraft:oak_planks":48,"minecraft:stone_shovel":1,"minecraft:crafting_table":1,"minecraft:wooden_pickaxe":1,"minecraft:cooked_chicken":1,"minecraft:furnace":1,"minecraft:bucket":1,"minecraft:stone_axe":1,"minecraft:cooked_mutton":2,"minecraft:air":0,"minecraft:flint_and_steel":1,"minecraft:stick":12,"minecraft:iron_ingot":7,"minecraft:iron_pickaxe":1,"minecraft:stone_pickaxe":1}},"DataVersion":3953}