{"stats":{"minecraft:dropped":{"minecraft:stone_axe":1,"minecraft:wheat_seeds":1,"minecraft:pink_petals":3},"minecraft:mined":{"minecraft:pink_petals":1,"minecraft:short_grass":7,"minecraft:oak_log":11,"minecraft:cobblestone":9,"minecraft:crafting_table":1},"minecraft:crafted":{"minecraft:oak_planks":44,"minecraft:stone_axe":1,"minecraft:crafting_table":1,"minecraft:stick":8,"minecraft:wooden_pickaxe":1,"minecraft:stone_pickaxe":1},"minecraft:picked_up":{"minecraft:pink_petals":3,"minecraft:crafting_table":1,"minecraft:stone_axe":1,"minecraft:wheat_seeds":1,"minecraft:oak_log":11,"minecraft:cobblestone":9},"minecraft:used":{"minecraft:stone_axe":9,"minecraft:crafting_table":1,"minecraft:stone_pickaxe":3,"minecraft:wooden_pickaxe":6},"minecraft:custom":{"minecraft:time_since_rest":278,"minecraft:crouch_one_cm":1689,"minecraft:play_time":6106,"minecraft:sprint_one_cm":23234,"minecraft:damage_taken":40,"minecraft:walk_one_cm":4735,"minecraft:sneak_time":664,"minecraft:walk_under_water_one_cm":51,"minecraft:drop":5,"minecraft:jump":176,"minecraft:leave_game":3,"minecraft:walk_on_water_one_cm":480,"minecraft:time_since_death":6106,"minecraft:sleep_in_bed":1,"minecraft:total_world_time":6106,"minecraft:swim_one_cm":3324,"minecraft:interact_with_crafting_table":2,"minecraft:fall_one_cm":9677,"minecraft:fly_one_cm":48890}},"DataVersion":3953}