{"stats":{"minecraft:used":{"minecraft:cooked_mutton":1,"minecraft:stone_pickaxe":52,"minecraft:oak_planks":22,"minecraft:wooden_pickaxe":3,"minecraft:stone_axe":21,"minecraft:dirt":16,"minecraft:mutton":1,"minecraft:cobblestone":15,"minecraft:crafting_table":4,"minecraft:furnace":1},"minecraft:killed_by":{"minecraft:skeleton":1,"minecraft:zombie":1},"minecraft:mined":{"minecraft:iron_ore":7,"minecraft:crafting_table":3,"minecraft:short_grass":7,"minecraft:oak_log":12,"minecraft:grass_block":7,"minecraft:coal_ore":2,"minecraft:dirt":12,"minecraft:tall_grass":6,"minecraft:stone":38,"minecraft:oak_planks":1},"minecraft:dropped":{"minecraft:mutton":1,"minecraft:brown_wool":1,"minecraft:stone_pickaxe":1,"minecraft:wooden_pickaxe":1},"minecraft:picked_up":{"minecraft:raw_iron":7,"minecraft:crafting_table":3,"minecraft:chicken":1,"minecraft:brown_wool":1,"minecraft:oak_log":12,"minecraft:dirt":19,"minecraft:mutton":4,"minecraft:oak_planks":1,"minecraft:coal":2,"minecraft:white_wool":1,"minecraft:cobblestone":36},"minecraft:custom":{"minecraft:time_since_rest":534,"minecraft:interact_with_furnace":6,"minecraft:sprint_one_cm":46968,"minecraft:damage_taken":525,"minecraft:walk_one_cm":19333,"minecraft:mob_kills":4,"minecraft:drop":4,"minecraft:damage_dealt":577,"minecraft:interact_with_crafting_table":8,"minecraft:fly_one_cm":58884,"minecraft:crouch_one_cm":1584,"minecraft:play_time":16035,"minecraft:deaths":2,"minecraft:sneak_time":1526,"minecraft:jump":329,"minecraft:leave_game":3,"minecraft:time_since_death":503,"minecraft:walk_on_water_one_cm":194,"minecraft:total_world_time":16035,"minecraft:fall_one_cm":9054},"minecraft:killed":{"minecraft:sheep":2,"minecraft:skeleton":1,"minecraft:chicken":1},"minecraft:crafted":{"minecraft:oak_planks":48,"minecraft:stone_shovel":1,"minecraft:crafting_table":1,"minecraft:stick":12,"minecraft:iron_pickaxe":1,"minecraft:iron_ingot":7,"minecraft:wooden_pickaxe":1,"minecraft:stone_pickaxe":1,"minecraft:furnace":1,"minecraft:bucket":1,"minecraft:stone_axe":1,"minecraft:cooked_mutton":1,"minecraft:air":0}},"DataVersion":3953}