{"stats":{"minecraft:crafted":{"minecraft:oak_planks":44,"minecraft:stone_axe":1,"minecraft:crafting_table":1,"minecraft:stick":8,"minecraft:wooden_pickaxe":1,"minecraft:stone_pickaxe":1},"minecraft:used":{"minecraft:stone_axe":9,"minecraft:crafting_table":1,"minecraft:stone_pickaxe":3,"minecraft:wooden_pickaxe":6},"minecraft:picked_up":{"minecraft:crafting_table":1,"minecraft:pink_petals":3,"minecraft:stone_axe":1,"minecraft:wheat_seeds":1,"minecraft:oak_log":11,"minecraft:cobblestone":9},"minecraft:custom":{"minecraft:time_since_rest":5632,"minecraft:crouch_one_cm":1689,"minecraft:play_time":5632,"minecraft:sprint_one_cm":22419,"minecraft:damage_taken":40,"minecraft:walk_one_cm":3856,"minecraft:sneak_time":664,"minecraft:walk_under_water_one_cm":51,"minecraft:drop":5,"minecraft:jump":170,"minecraft:leave_game":2,"minecraft:time_since_death":5632,"minecraft:walk_on_water_one_cm":480,"minecraft:total_world_time":5632,"minecraft:swim_one_cm":3324,"minecraft:interact_with_crafting_table":2,"minecraft:fall_one_cm":9468,"minecraft:fly_one_cm":46587},"minecraft:dropped":{"minecraft:stone_axe":1,"minecraft:wheat_seeds":1,"minecraft:pink_petals":3},"minecraft:mined":{"minecraft:pink_petals":1,"minecraft:short_grass":7,"minecraft:oak_log":11,"minecraft:cobblestone":9,"minecraft:crafting_table":1}},"DataVersion":3953}