{"stats":{"minecraft:used":{"minecraft:cooked_mutton":2,"minecraft:stone_pickaxe":94,"minecraft:oak_planks":42,"minecraft:wooden_pickaxe":6,"minecraft:cooked_chicken":1,"minecraft:rotten_flesh":5,"minecraft:netherrack":77,"minecraft:dirt":23,"minecraft:warped_wart_block":2,"minecraft:mutton":1,"minecraft:crafting_table":8,"minecraft:warped_planks":3,"minecraft:oak_log":1,"minecraft:iron_pickaxe":172,"minecraft:iron_boots":1,"minecraft:gravel":3,"minecraft:stone_axe":43,"minecraft:cobblestone":15,"minecraft:soul_soil":1,"minecraft:furnace":2,"minecraft:bucket":2},"minecraft:killed_by":{"minecraft:skeleton":1,"minecraft:spider":1,"minecraft:zombie":3},"minecraft:mined":{"minecraft:crafting_table":6,"minecraft:short_grass":15,"minecraft:allium":1,"minecraft:grass_block":14,"minecraft:warped_roots":1,"minecraft:soul_soil":1,"minecraft:tall_grass":6,"minecraft:spruce_leaves":1,"minecraft:oak_planks":3,"minecraft:warped_wart_block":4,"minecraft:warped_nylium":5,"minecraft:iron_ore":34,"minecraft:fire":1,"minecraft:oak_log":28,"minecraft:coal_ore":2,"minecraft:warped_stem":4,"minecraft:dirt":15,"minecraft:gravel":4,"minecraft:stone":58,"minecraft:netherrack":163,"minecraft:oak_leaves":1},"minecraft:dropped":{"minecraft:stone_axe":2,"minecraft:warped_roots":2,"minecraft:mutton":1,"minecraft:brown_wool":1,"minecraft:stone_pickaxe":3,"minecraft:wooden_pickaxe":2,"minecraft:egg":1},"minecraft:custom":{"minecraft:interact_with_furnace":25,"minecraft:mob_kills":8,"minecraft:interact_with_crafting_table":24,"minecraft:leave_game":4,"minecraft:time_since_death":759,"minecraft:climb_one_cm":680,"minecraft:time_since_rest":793,"minecraft:sprint_one_cm":206211,"minecraft:damage_taken":2128,"minecraft:walk_one_cm":116020,"minecraft:drop":12,"minecraft:damage_dealt":1431,"minecraft:swim_one_cm":16560,"minecraft:fly_one_cm":291443,"minecraft:crouch_one_cm":16329,"minecraft:play_time":77409,"minecraft:deaths":8,"minecraft:sneak_time":6350,"minecraft:walk_under_water_one_cm":1193,"minecraft:jump":1578,"minecraft:walk_on_water_one_cm":3940,"minecraft:total_world_time":77409,"minecraft:fall_one_cm":57577},"minecraft:picked_up":{"minecraft:crafting_table":6,"minecraft:chicken":2,"minecraft:brown_wool":1,"minecraft:flint":1,"minecraft:oak_log":28,"minecraft:dirt":29,"minecraft:soul_soil":1,"minecraft:warped_stem":4,"minecraft:bucket":1,"minecraft:iron_ingot":1,"minecraft:stone_pickaxe":1,"minecraft:iron_pickaxe":1,"minecraft:oak_planks":17,"minecraft:egg":1,"minecraft:stick":2,"minecraft:raw_iron":34,"minecraft:warped_wart_block":4,"minecraft:gravel":3,"minecraft:rotten_flesh":6,"minecraft:stone_axe":3,"minecraft:warped_roots":3,"minecraft:oak_sapling":1,"minecraft:netherrack":158,"minecraft:mutton":4,"minecraft:coal":2,"minecraft:white_wool":2,"minecraft:cobblestone":62},"minecraft:killed":{"minecraft:skeleton":2,"minecraft:sheep":2,"minecraft:zombie":3,"minecraft:chicken":1},"minecraft:crafted":{"minecraft:oak_planks":104,"minecraft:stone_shovel":2,"minecraft:crafting_table":4,"minecraft:wooden_pickaxe":2,"minecraft:cooked_chicken":1,"minecraft:furnace":2,"minecraft:bucket":2,"minecraft:stone_axe":2,"minecraft:cooked_mutton":2,"minecraft:air":0,"minecraft:flint_and_steel":1,"minecraft:warped_planks":16,"minecraft:iron_boots":1,"minecraft:shield":1,"minecraft:stick":32,"minecraft:iron_ingot":25,"minecraft:iron_pickaxe":2,"minecraft:stone_pickaxe":2,"minecraft:iron_leggings":1,"minecraft:stone_hoe":1}},"DataVersion":3953}