{"stats":{"minecraft:mined":{"minecraft:iron_ore":38,"minecraft:crafting_table":1,"minecraft:granite":2,"minecraft:short_grass":6,"minecraft:grass_block":1,"minecraft:oak_log":11,"minecraft:coal_ore":12,"minecraft:gravel":11,"minecraft:stone":20,"minecraft:oak_leaves":2},"minecraft:dropped":{"minecraft:gravel":9,"minecraft:stone_pickaxe":3,"minecraft:wooden_pickaxe":2},"minecraft:used":{"minecraft:water_bucket":18,"minecraft:stone_pickaxe":40,"minecraft:stone_shovel":12,"minecraft:iron_pickaxe":29,"minecraft:wooden_pickaxe":3,"minecraft:stone_axe":22,"minecraft:crafting_table":2,"minecraft:furnace":1,"minecraft:bucket":19,"minecraft:cooked_beef":2},"minecraft:picked_up":{"minecraft:crafting_table":1,"minecraft:raw_iron":38,"minecraft:water_bucket":1,"minecraft:leather":11,"minecraft:wooden_pickaxe":1,"minecraft:gravel":9,"minecraft:flint":2,"minecraft:oak_log":11,"minecraft:dirt":47,"minecraft:stone_shovel":1,"minecraft:stone_axe":1,"minecraft:beef":18,"minecraft:granite":4,"minecraft:stone_pickaxe":3,"minecraft:coal":12,"minecraft:cobblestone":25},"minecraft:killed":{"minecraft:zombie":1,"minecraft:cow":10},"minecraft:killed_by":{"minecraft:creeper":1},"minecraft:custom":{"minecraft:time_since_rest":10692,"minecraft:interact_with_furnace":17,"minecraft:sprint_one_cm":74985,"minecraft:damage_taken":284,"minecraft:walk_one_cm":24495,"minecraft:mob_kills":11,"minecraft:drop":7,"minecraft:damage_dealt":1201,"minecraft:swim_one_cm":8860,"minecraft:interact_with_crafting_table":14,"minecraft:fly_one_cm":107373,"minecraft:crouch_one_cm":4495,"minecraft:play_time":21488,"minecraft:deaths":1,"minecraft:sneak_time":2022,"minecraft:walk_under_water_one_cm":6882,"minecraft:jump":568,"minecraft:leave_game":1,"minecraft:walk_on_water_one_cm":5499,"minecraft:time_since_death":10669,"minecraft:total_world_time":21488,"minecraft:fall_one_cm":16787},"minecraft:crafted":{"minecraft:cooked_beef":18,"minecraft:oak_planks":44,"minecraft:stone_shovel":1,"minecraft:iron_boots":1,"minecraft:iron_chestplate":1,"minecraft:shield":1,"minecraft:crafting_table":1,"minecraft:stick":12,"minecraft:iron_pickaxe":1,"minecraft:wooden_pickaxe":1,"minecraft:iron_ingot":32,"minecraft:stone_pickaxe":1,"minecraft:iron_leggings":1,"minecraft:furnace":1,"minecraft:bucket":1,"minecraft:stone_axe":1,"minecraft:air":0,"minecraft:flint_and_steel":2}},"DataVersion":3953}