{"stats":{"minecraft:crafted":{"minecraft:oak_planks":24,"minecraft:stone_shovel":1,"minecraft:crafting_table":2,"minecraft:stick":16,"minecraft:wooden_pickaxe":2,"minecraft:stone_pickaxe":2,"minecraft:furnace":1,"minecraft:stone_axe":1},"minecraft:dropped":{"minecraft:gravel":6,"minecraft:wheat_seeds":1,"minecraft:stone_shovel":1,"minecraft:wooden_pickaxe":2},"minecraft:used":{"minecraft:stone_pickaxe":25,"minecraft:stone_shovel":7,"minecraft:wooden_pickaxe":6,"minecraft:stone_axe":6,"minecraft:dirt":1,"minecraft:crafting_table":5,"minecraft:furnace":1,"minecraft:porkchop":3},"minecraft:mined":{"minecraft:crafting_table":3,"minecraft:short_grass":9,"minecraft:grass_block":1,"minecraft:coal_ore":7,"minecraft:oak_log":6,"minecraft:gravel":7,"minecraft:tall_grass":8,"minecraft:cobblestone":9,"minecraft:stone":15},"minecraft:custom":{"minecraft:time_since_rest":8112,"minecraft:interact_with_furnace":2,"minecraft:sprint_one_cm":72114,"minecraft:damage_taken":475,"minecraft:walk_one_cm":37288,"minecraft:mob_kills":6,"minecraft:drop":10,"minecraft:damage_dealt":610,"minecraft:swim_one_cm":4318,"minecraft:interact_with_crafting_table":8,"minecraft:fly_one_cm":169466,"minecraft:crouch_one_cm":2008,"minecraft:play_time":18880,"minecraft:deaths":1,"minecraft:sneak_time":1036,"minecraft:walk_under_water_one_cm":1567,"minecraft:jump":616,"minecraft:time_since_death":7975,"minecraft:walk_on_water_one_cm":2288,"minecraft:total_world_time":18880,"minecraft:fall_one_cm":21989},"minecraft:killed":{"minecraft:pig":2,"minecraft:cow":4},"minecraft:picked_up":{"minecraft:crafting_table":3,"minecraft:leather":6,"minecraft:gravel":6,"minecraft:porkchop":5,"minecraft:flint":1,"minecraft:oak_log":6,"minecraft:dirt":1,"minecraft:stone_shovel":1,"minecraft:wheat_seeds":1,"minecraft:beef":6,"minecraft:coal":7,"minecraft:cobblestone":24}},"DataVersion":3953}