{"stats":{"minecraft:crafted":{"minecraft:oak_slab":12,"minecraft:oak_planks":56,"minecraft:stone_shovel":2,"minecraft:barrel":1,"minecraft:emerald":3,"minecraft:crafting_table":2,"minecraft:wooden_pickaxe":2,"minecraft:furnace":1,"minecraft:stone_axe":2,"minecraft:bread":15,"minecraft:air":0,"minecraft:flint_and_steel":1,"minecraft:stick":20,"minecraft:iron_pickaxe":1,"minecraft:stone_pickaxe":2,"minecraft:cod_bucket":1,"minecraft:composter":1,"minecraft:stone_hoe":1,"minecraft:wheat":108},"minecraft:dropped":{"minecraft:stone_hoe":1,"minecraft:gravel":10,"minecraft:oak_slab":3,"minecraft:wheat_seeds":2,"minecraft:stone_shovel":1,"minecraft:flint":1,"minecraft:poppy":2,"minecraft:arrow":1,"minecraft:stone_pickaxe":1,"minecraft:wooden_pickaxe":3,"minecraft:bone":1},"minecraft:used":{"minecraft:water_bucket":1,"minecraft:stone_shovel":11,"minecraft:stone_pickaxe":25,"minecraft:oak_planks":3,"minecraft:wooden_pickaxe":6,"minecraft:composter":1,"minecraft:stone_hoe":12,"minecraft:dirt":1,"minecraft:crafting_table":9,"minecraft:cod_bucket":1,"minecraft:bread":3,"minecraft:barrel":1,"minecraft:stone_axe":46,"minecraft:furnace":1,"minecraft:porkchop":3,"minecraft:bucket":2},"minecraft:mined":{"minecraft:crafting_table":8,"minecraft:short_grass":14,"minecraft:grass_block":1,"minecraft:tall_grass":8,"minecraft:cobblestone":9,"minecraft:composter":1,"minecraft:hay_block":12,"minecraft:coal_ore":7,"minecraft:oak_log":14,"minecraft:gravel":10,"minecraft:stone":15},"minecraft:custom":{"minecraft:interact_with_furnace":2,"minecraft:mob_kills":13,"minecraft:traded_with_villager":4,"minecraft:interact_with_crafting_table":13,"minecraft:leave_game":2,"minecraft:time_since_death":19445,"minecraft:time_since_rest":19582,"minecraft:sprint_one_cm":100832,"minecraft:damage_taken":530,"minecraft:walk_one_cm":51528,"minecraft:drop":26,"minecraft:damage_dealt":2781,"minecraft:swim_one_cm":4318,"minecraft:talked_to_villager":2,"minecraft:fly_one_cm":223483,"minecraft:crouch_one_cm":3915,"minecraft:play_time":30350,"minecraft:deaths":1,"minecraft:sneak_time":1973,"minecraft:walk_under_water_one_cm":1567,"minecraft:jump":815,"minecraft:walk_on_water_one_cm":2833,"minecraft:total_world_time":30350,"minecraft:fall_one_cm":26496},"minecraft:killed":{"minecraft:pig":2,"minecraft:iron_golem":1,"minecraft:skeleton":1,"minecraft:zombie":5,"minecraft:cow":4},"minecraft:picked_up":{"minecraft:crafting_table":8,"minecraft:leather":6,"minecraft:wooden_pickaxe":1,"minecraft:flint":3,"minecraft:oak_log":14,"minecraft:dirt":1,"minecraft:bone":1,"minecraft:wheat_seeds":2,"minecraft:iron_ingot":4,"minecraft:beef":6,"minecraft:poppy":2,"minecraft:gravel":10,"minecraft:porkchop":5,"minecraft:arrow":1,"minecraft:stone_shovel":1,"minecraft:hay_block":12,"minecraft:coal":7,"minecraft:cobblestone":24}},"DataVersion":3953}