{"stats":{"minecraft:crafted":{"minecraft:crafting_table":1,"minecraft:oak_planks":12,"minecraft:stick":8,"minecraft:wooden_pickaxe":1},"minecraft:used":{"minecraft:crafting_table":1},"minecraft:picked_up":{"minecraft:crafting_table":1,"minecraft:oak_log":3},"minecraft:custom":{"minecraft:jump":81,"minecraft:time_since_rest":4016,"minecraft:damage_dealt":10,"minecraft:crouch_one_cm":298,"minecraft:sprint_one_cm":9046,"minecraft:play_time":4016,"minecraft:damage_taken":65,"minecraft:time_since_death":4016,"minecraft:walk_one_cm":2811,"minecraft:sneak_time":239,"minecraft:total_world_time":4016,"minecraft:interact_with_crafting_table":1,"minecraft:fall_one_cm":418,"minecraft:fly_one_cm":16067},"minecraft:mined":{"minecraft:oak_log":3,"minecraft:crafting_table":1}},"DataVersion":3953}