{"stats":{"minecraft:broken":{"minecraft:stone_axe":1,"minecraft:iron_pickaxe":1},"minecraft:custom":{"minecraft:interact_with_furnace":44,"minecraft:mob_kills":71,"minecraft:interact_with_crafting_table":31,"minecraft:leave_game":5,"minecraft:time_since_death":106163,"minecraft:sleep_in_bed":3,"minecraft:time_since_rest":30123,"minecraft:sprint_one_cm":246596,"minecraft:damage_taken":1708,"minecraft:walk_one_cm":180665,"minecraft:damage_blocked_by_shield":311,"minecraft:drop":6,"minecraft:damage_dealt":8257,"minecraft:swim_one_cm":48914,"minecraft:fly_one_cm":495802,"minecraft:open_chest":6,"minecraft:crouch_one_cm":13737,"minecraft:play_time":106163,"minecraft:sneak_time":4941,"minecraft:walk_under_water_one_cm":17442,"minecraft:boat_one_cm":11143,"minecraft:jump":2547,"minecraft:interact_with_brewingstand":1,"minecraft:walk_on_water_one_cm":25568,"minecraft:total_world_time":106163,"minecraft:interact_with_smoker":1,"minecraft:fall_one_cm":76999,"minecraft:horse_one_cm":36337},"minecraft:used":{"minecraft:cooked_mutton":25,"minecraft:water_bucket":109,"minecraft:diorite":5,"minecraft:flint_and_steel":4,"minecraft:stone_pickaxe":122,"minecraft:shield":13,"minecraft:chest":2,"minecraft:wooden_pickaxe":26,"minecraft:torch":16,"minecraft:dirt":88,"minecraft:crafting_table":7,"minecraft:white_bed":1,"minecraft:wooden_axe":15,"minecraft:lava_bucket":15,"minecraft:iron_axe":46,"minecraft:iron_pickaxe":345,"minecraft:iron_helmet":1,"minecraft:iron_boots":1,"minecraft:stone_axe":98,"minecraft:cobblestone":87,"minecraft:furnace":6,"minecraft:bucket":124,"minecraft:andesite":15,"minecraft:oak_boat":1,"minecraft:cooked_beef":3,"minecraft:iron_leggings":1},"minecraft:crafted":{"minecraft:cooked_beef":3,"minecraft:oak_planks":84,"minecraft:crafting_table":3,"minecraft:iron_helmet":1,"minecraft:wooden_pickaxe":1,"minecraft:furnace":2,"minecraft:bucket":1,"minecraft:stone_axe":1,"minecraft:cooked_mutton":44,"minecraft:air":0,"minecraft:flint_and_steel":1,"minecraft:oak_boat":1,"minecraft:iron_boots":1,"minecraft:iron_chestplate":1,"minecraft:shield":1,"minecraft:iron_axe":1,"minecraft:stick":20,"minecraft:iron_ingot":81,"minecraft:iron_pickaxe":2,"minecraft:stone_pickaxe":1,"minecraft:wooden_axe":1,"minecraft:chest":2,"minecraft:iron_leggings":1,"minecraft:white_bed":1,"minecraft:torch":24},"minecraft:dropped":{"minecraft:wheat_seeds":5,"minecraft:amethyst_block":4,"minecraft:spider_eye":1},"minecraft:mined":{"minecraft:deepslate_diamond_ore":3,"minecraft:cherry_log":10,"minecraft:amethyst_cluster":3,"minecraft:crafting_table":5,"minecraft:torch":2,"minecraft:granite":1,"minecraft:short_grass":19,"minecraft:calcite":4,"minecraft:grass_block":19,"minecraft:tall_grass":10,"minecraft:copper_ore":1,"minecraft:cobblestone":34,"minecraft:sugar_cane":9,"minecraft:diorite":7,"minecraft:spawner":1,"minecraft:amethyst_block":4,"minecraft:wall_torch":4,"minecraft:pink_petals":1,"minecraft:furnace":5,"minecraft:iron_ore":87,"minecraft:fire":4,"minecraft:andesite":26,"minecraft:coal_ore":74,"minecraft:oak_log":21,"minecraft:cherry_leaves":1,"minecraft:dripstone_block":2,"minecraft:gravel":11,"minecraft:sand":17,"minecraft:dirt":48,"minecraft:stone":175,"minecraft:deepslate":1,"minecraft:oak_leaves":8},"minecraft:killed":{"minecraft:pig":2,"minecraft:spider":3,"minecraft:bat":1,"minecraft:sheep":31,"minecraft:skeleton":7,"minecraft:zombie":10,"minecraft:cow":12},"minecraft:picked_up":{"minecraft:pink_petals":2,"minecraft:crafting_table":5,"minecraft:cooked_beef":7,"minecraft:andesite":26,"minecraft:leather":9,"minecraft:flint":2,"minecraft:oak_log":21,"minecraft:gunpowder":2,"minecraft:amethyst_block":4,"minecraft:string":3,"minecraft:dirt":96,"minecraft:bone":7,"minecraft:bow":1,"minecraft:wheat_seeds":5,"minecraft:cobbled_deepslate":1,"minecraft:beef":17,"minecraft:calcite":4,"minecraft:oak_boat":1,"minecraft:sugar_cane":25,"minecraft:egg":2,"minecraft:furnace":5,"minecraft:raw_iron":97,"minecraft:torch":6,"minecraft:dripstone_block":2,"minecraft:gravel":9,"minecraft:porkchop":3,"minecraft:sand":6,"minecraft:amethyst_shard":12,"minecraft:cherry_log":10,"minecraft:pointed_dripstone":1,"minecraft:diorite":8,"minecraft:spider_eye":3,"minecraft:arrow":4,"minecraft:rotten_flesh":9,"minecraft:diamond":3,"minecraft:granite":1,"minecraft:cherry_sapling":1,"minecraft:oak_sapling":1,"minecraft:mutton":46,"minecraft:coal":156,"minecraft:white_wool":30,"minecraft:cobblestone":190}},"DataVersion":3953}