{"stats":{"minecraft:dropped":{"minecraft:wheat_seeds":2},"minecraft:crafted":{"minecraft:cooked_beef":3,"minecraft:oak_planks":20,"minecraft:crafting_table":2,"minecraft:stick":12,"minecraft:wooden_pickaxe":1,"minecraft:iron_ingot":6,"minecraft:iron_pickaxe":1,"minecraft:stone_pickaxe":1,"minecraft:wooden_axe":1,"minecraft:furnace":1,"minecraft:bucket":1,"minecraft:stone_axe":1,"minecraft:cooked_mutton":9,"minecraft:air":0},"minecraft:used":{"minecraft:cooked_mutton":5,"minecraft:wooden_axe":15,"minecraft:water_bucket":19,"minecraft:lava_bucket":6,"minecraft:stone_pickaxe":73,"minecraft:iron_pickaxe":23,"minecraft:wooden_pickaxe":26,"minecraft:stone_axe":21,"minecraft:dirt":45,"minecraft:crafting_table":3,"minecraft:furnace":3,"minecraft:bucket":26,"minecraft:andesite":15,"minecraft:cooked_beef":1},"minecraft:mined":{"minecraft:furnace":2,"minecraft:iron_ore":10,"minecraft:andesite":19,"minecraft:crafting_table":2,"minecraft:granite":1,"minecraft:short_grass":6,"minecraft:coal_ore":10,"minecraft:grass_block":3,"minecraft:oak_log":7,"minecraft:sand":8,"minecraft:gravel":7,"minecraft:dirt":33,"minecraft:cobblestone":5,"minecraft:stone":57,"minecraft:oak_leaves":3},"minecraft:custom":{"minecraft:time_since_rest":21520,"minecraft:interact_with_furnace":14,"minecraft:sprint_one_cm":25518,"minecraft:damage_taken":528,"minecraft:walk_one_cm":56640,"minecraft:mob_kills":15,"minecraft:drop":2,"minecraft:damage_dealt":2033,"minecraft:swim_one_cm":886,"minecraft:interact_with_crafting_table":9,"minecraft:fly_one_cm":51394,"minecraft:crouch_one_cm":6051,"minecraft:play_time":21520,"minecraft:sneak_time":2629,"minecraft:walk_under_water_one_cm":1185,"minecraft:jump":403,"minecraft:leave_game":1,"minecraft:time_since_death":21520,"minecraft:walk_on_water_one_cm":2311,"minecraft:total_world_time":21520,"minecraft:fall_one_cm":8485},"minecraft:killed":{"minecraft:skeleton":1,"minecraft:sheep":5,"minecraft:zombie":4,"minecraft:spider":2,"minecraft:cow":2},"minecraft:picked_up":{"minecraft:crafting_table":2,"minecraft:raw_iron":10,"minecraft:andesite":19,"minecraft:gravel":5,"minecraft:sand":5,"minecraft:flint":2,"minecraft:oak_log":7,"minecraft:gunpowder":2,"minecraft:spider_eye":1,"minecraft:string":1,"minecraft:dirt":51,"minecraft:rotten_flesh":5,"minecraft:wheat_seeds":4,"minecraft:beef":4,"minecraft:granite":1,"minecraft:mutton":9,"minecraft:coal":17,"minecraft:white_wool":5,"minecraft:cobblestone":57,"minecraft:furnace":2}},"DataVersion":3953}