{"stats":{"minecraft:broken":{"minecraft:stone_axe":1,"minecraft:iron_pickaxe":1},"minecraft:custom":{"minecraft:interact_with_furnace":37,"minecraft:mob_kills":59,"minecraft:interact_with_crafting_table":27,"minecraft:leave_game":4,"minecraft:time_since_death":84242,"minecraft:sleep_in_bed":3,"minecraft:time_since_rest":8202,"minecraft:sprint_one_cm":196156,"minecraft:damage_taken":1351,"minecraft:walk_one_cm":148773,"minecraft:damage_blocked_by_shield":116,"minecraft:drop":5,"minecraft:damage_dealt":6254,"minecraft:swim_one_cm":48257,"minecraft:fly_one_cm":463322,"minecraft:open_chest":4,"minecraft:crouch_one_cm":11229,"minecraft:play_time":84242,"minecraft:sneak_time":4289,"minecraft:walk_under_water_one_cm":11741,"minecraft:boat_one_cm":11143,"minecraft:jump":2290,"minecraft:interact_with_brewingstand":1,"minecraft:walk_on_water_one_cm":23146,"minecraft:total_world_time":84242,"minecraft:interact_with_smoker":1,"minecraft:fall_one_cm":70198,"minecraft:horse_one_cm":36337},"minecraft:used":{"minecraft:cooked_mutton":19,"minecraft:water_bucket":108,"minecraft:flint_and_steel":4,"minecraft:stone_pickaxe":113,"minecraft:shield":4,"minecraft:chest":2,"minecraft:wooden_pickaxe":26,"minecraft:torch":9,"minecraft:dirt":84,"minecraft:crafting_table":6,"minecraft:white_bed":1,"minecraft:wooden_axe":15,"minecraft:lava_bucket":15,"minecraft:iron_axe":22,"minecraft:iron_pickaxe":280,"minecraft:stone_axe":98,"minecraft:cobblestone":87,"minecraft:furnace":5,"minecraft:bucket":124,"minecraft:andesite":15,"minecraft:oak_boat":1,"minecraft:cooked_beef":3},"minecraft:crafted":{"minecraft:cooked_beef":3,"minecraft:oak_planks":84,"minecraft:crafting_table":3,"minecraft:wooden_pickaxe":1,"minecraft:furnace":2,"minecraft:bucket":1,"minecraft:stone_axe":1,"minecraft:cooked_mutton":44,"minecraft:air":0,"minecraft:flint_and_steel":1,"minecraft:oak_boat":1,"minecraft:iron_chestplate":1,"minecraft:shield":1,"minecraft:iron_axe":1,"minecraft:stick":16,"minecraft:iron_ingot":30,"minecraft:iron_pickaxe":2,"minecraft:stone_pickaxe":1,"minecraft:wooden_axe":1,"minecraft:chest":2,"minecraft:white_bed":1,"minecraft:torch":8},"minecraft:dropped":{"minecraft:wheat_seeds":5,"minecraft:spider_eye":1},"minecraft:mined":{"minecraft:cherry_log":10,"minecraft:crafting_table":4,"minecraft:torch":2,"minecraft:granite":1,"minecraft:short_grass":19,"minecraft:grass_block":19,"minecraft:tall_grass":10,"minecraft:copper_ore":1,"minecraft:cobblestone":34,"minecraft:sugar_cane":9,"minecraft:diorite":7,"minecraft:wall_torch":4,"minecraft:pink_petals":1,"minecraft:furnace":4,"minecraft:iron_ore":48,"minecraft:fire":4,"minecraft:andesite":26,"minecraft:coal_ore":74,"minecraft:oak_log":21,"minecraft:cherry_leaves":1,"minecraft:gravel":11,"minecraft:sand":17,"minecraft:dirt":48,"minecraft:stone":171,"minecraft:oak_leaves":8},"minecraft:killed":{"minecraft:pig":2,"minecraft:spider":2,"minecraft:bat":1,"minecraft:sheep":31,"minecraft:skeleton":1,"minecraft:zombie":6,"minecraft:cow":12},"minecraft:picked_up":{"minecraft:pink_petals":2,"minecraft:crafting_table":4,"minecraft:cooked_beef":7,"minecraft:andesite":26,"minecraft:leather":9,"minecraft:flint":2,"minecraft:oak_log":21,"minecraft:gunpowder":2,"minecraft:string":1,"minecraft:dirt":96,"minecraft:wheat_seeds":5,"minecraft:beef":17,"minecraft:oak_boat":1,"minecraft:sugar_cane":25,"minecraft:egg":2,"minecraft:furnace":4,"minecraft:raw_iron":58,"minecraft:torch":6,"minecraft:gravel":9,"minecraft:porkchop":3,"minecraft:sand":6,"minecraft:cherry_log":10,"minecraft:diorite":8,"minecraft:spider_eye":2,"minecraft:arrow":2,"minecraft:rotten_flesh":6,"minecraft:granite":1,"minecraft:cherry_sapling":1,"minecraft:oak_sapling":1,"minecraft:mutton":46,"minecraft:coal":127,"minecraft:white_wool":30,"minecraft:cobblestone":183}},"DataVersion":3953}