{"stats":{"minecraft:dropped":{"minecraft:wheat_seeds":2},"minecraft:crafted":{"minecraft:cooked_beef":3,"minecraft:oak_planks":68,"minecraft:crafting_table":2,"minecraft:wooden_pickaxe":1,"minecraft:furnace":1,"minecraft:bucket":1,"minecraft:stone_axe":1,"minecraft:cooked_mutton":9,"minecraft:air":0,"minecraft:flint_and_steel":1,"minecraft:stick":12,"minecraft:iron_ingot":10,"minecraft:iron_pickaxe":1,"minecraft:stone_pickaxe":1,"minecraft:wooden_axe":1},"minecraft:used":{"minecraft:cooked_mutton":8,"minecraft:water_bucket":34,"minecraft:flint_and_steel":4,"minecraft:stone_pickaxe":75,"minecraft:wooden_pickaxe":26,"minecraft:dirt":54,"minecraft:crafting_table":3,"minecraft:wooden_axe":15,"minecraft:lava_bucket":15,"minecraft:iron_pickaxe":89,"minecraft:stone_axe":46,"minecraft:furnace":3,"minecraft:andesite":15,"minecraft:bucket":49,"minecraft:cooked_beef":1},"minecraft:mined":{"minecraft:crafting_table":2,"minecraft:granite":1,"minecraft:short_grass":10,"minecraft:grass_block":3,"minecraft:copper_ore":1,"minecraft:cobblestone":32,"minecraft:furnace":3,"minecraft:iron_ore":10,"minecraft:fire":4,"minecraft:andesite":19,"minecraft:oak_log":17,"minecraft:coal_ore":10,"minecraft:gravel":7,"minecraft:sand":17,"minecraft:dirt":37,"minecraft:stone":80,"minecraft:oak_leaves":6},"minecraft:custom":{"minecraft:interact_with_furnace":15,"minecraft:mob_kills":19,"minecraft:interact_with_crafting_table":9,"minecraft:leave_game":2,"minecraft:time_since_death":31417,"minecraft:time_since_rest":31417,"minecraft:sprint_one_cm":40904,"minecraft:damage_taken":668,"minecraft:walk_one_cm":80659,"minecraft:drop":2,"minecraft:damage_dealt":2235,"minecraft:swim_one_cm":1277,"minecraft:fly_one_cm":95364,"minecraft:crouch_one_cm":8362,"minecraft:play_time":31417,"minecraft:sneak_time":3381,"minecraft:walk_under_water_one_cm":1540,"minecraft:jump":630,"minecraft:walk_on_water_one_cm":5714,"minecraft:total_world_time":31417,"minecraft:fall_one_cm":13586},"minecraft:killed":{"minecraft:spider":2,"minecraft:sheep":5,"minecraft:skeleton":1,"minecraft:zombie":4,"minecraft:cow":5},"minecraft:picked_up":{"minecraft:crafting_table":2,"minecraft:cooked_beef":7,"minecraft:andesite":19,"minecraft:leather":2,"minecraft:flint":2,"minecraft:oak_log":17,"minecraft:gunpowder":2,"minecraft:dirt":55,"minecraft:string":1,"minecraft:wheat_seeds":4,"minecraft:beef":4,"minecraft:furnace":3,"minecraft:raw_iron":10,"minecraft:gravel":5,"minecraft:sand":6,"minecraft:spider_eye":1,"minecraft:arrow":2,"minecraft:rotten_flesh":5,"minecraft:granite":1,"minecraft:oak_sapling":1,"minecraft:mutton":9,"minecraft:coal":23,"minecraft:white_wool":5,"minecraft:cobblestone":91}},"DataVersion":3953}