{"stats":{"minecraft:custom":{"minecraft:interact_with_furnace":15,"minecraft:mob_kills":48,"minecraft:interact_with_crafting_table":10,"minecraft:leave_game":2,"minecraft:time_since_death":48024,"minecraft:time_since_rest":48024,"minecraft:sprint_one_cm":93749,"minecraft:damage_taken":788,"minecraft:walk_one_cm":102128,"minecraft:drop":4,"minecraft:damage_dealt":4790,"minecraft:swim_one_cm":43264,"minecraft:fly_one_cm":217149,"minecraft:crouch_one_cm":8538,"minecraft:play_time":48024,"minecraft:sneak_time":3438,"minecraft:walk_under_water_one_cm":5863,"minecraft:boat_one_cm":11143,"minecraft:jump":1217,"minecraft:walk_on_water_one_cm":9232,"minecraft:total_world_time":48024,"minecraft:fall_one_cm":29616},"minecraft:used":{"minecraft:cooked_mutton":9,"minecraft:water_bucket":103,"minecraft:flint_and_steel":4,"minecraft:stone_pickaxe":80,"minecraft:wooden_pickaxe":26,"minecraft:torch":5,"minecraft:dirt":54,"minecraft:crafting_table":4,"minecraft:wooden_axe":15,"minecraft:lava_bucket":15,"minecraft:iron_pickaxe":154,"minecraft:stone_axe":92,"minecraft:cobblestone":33,"minecraft:furnace":3,"minecraft:bucket":118,"minecraft:andesite":15,"minecraft:oak_boat":1,"minecraft:cooked_beef":3},"minecraft:crafted":{"minecraft:cooked_beef":3,"minecraft:oak_planks":84,"minecraft:crafting_table":2,"minecraft:wooden_pickaxe":1,"minecraft:furnace":1,"minecraft:bucket":1,"minecraft:stone_axe":1,"minecraft:cooked_mutton":9,"minecraft:air":0,"minecraft:flint_and_steel":1,"minecraft:oak_boat":1,"minecraft:stick":12,"minecraft:iron_ingot":10,"minecraft:iron_pickaxe":1,"minecraft:stone_pickaxe":1,"minecraft:wooden_axe":1,"minecraft:torch":8},"minecraft:dropped":{"minecraft:wheat_seeds":4,"minecraft:spider_eye":1},"minecraft:mined":{"minecraft:crafting_table":3,"minecraft:torch":1,"minecraft:granite":1,"minecraft:short_grass":13,"minecraft:grass_block":4,"minecraft:tall_grass":4,"minecraft:copper_ore":1,"minecraft:cobblestone":32,"minecraft:sugar_cane":9,"minecraft:diorite":3,"minecraft:wall_torch":4,"minecraft:furnace":3,"minecraft:iron_ore":28,"minecraft:fire":4,"minecraft:andesite":19,"minecraft:coal_ore":10,"minecraft:oak_log":21,"minecraft:gravel":11,"minecraft:sand":17,"minecraft:dirt":40,"minecraft:stone":119,"minecraft:oak_leaves":8},"minecraft:killed":{"minecraft:pig":2,"minecraft:spider":2,"minecraft:sheep":29,"minecraft:skeleton":1,"minecraft:zombie":4,"minecraft:cow":8},"minecraft:picked_up":{"minecraft:crafting_table":3,"minecraft:cooked_beef":7,"minecraft:andesite":19,"minecraft:leather":5,"minecraft:flint":2,"minecraft:oak_log":21,"minecraft:gunpowder":2,"minecraft:dirt":59,"minecraft:string":1,"minecraft:wheat_seeds":4,"minecraft:beef":10,"minecraft:oak_boat":1,"minecraft:sugar_cane":25,"minecraft:egg":2,"minecraft:furnace":3,"minecraft:raw_iron":28,"minecraft:torch":5,"minecraft:gravel":9,"minecraft:porkchop":3,"minecraft:sand":6,"minecraft:diorite":3,"minecraft:spider_eye":2,"minecraft:arrow":2,"minecraft:rotten_flesh":5,"minecraft:granite":1,"minecraft:oak_sapling":1,"minecraft:mutton":44,"minecraft:coal":23,"minecraft:white_wool":28,"minecraft:cobblestone":129}},"DataVersion":3953}