{"stats":{"minecraft:killed":{"minecraft:sheep":5,"minecraft:spider":1,"minecraft:zombie":1,"minecraft:cow":2},"minecraft:crafted":{"minecraft:oak_planks":20,"minecraft:crafting_table":2,"minecraft:stick":4,"minecraft:wooden_pickaxe":1,"minecraft:wooden_axe":1},"minecraft:used":{"minecraft:wooden_axe":15,"minecraft:dirt":1,"minecraft:crafting_table":2,"minecraft:wooden_pickaxe":26},"minecraft:picked_up":{"minecraft:andesite":16,"minecraft:rotten_flesh":2,"minecraft:wheat_seeds":2,"minecraft:gravel":4,"minecraft:beef":3,"minecraft:oak_log":5,"minecraft:gunpowder":2,"minecraft:mutton":9,"minecraft:white_wool":5,"minecraft:dirt":23,"minecraft:cobblestone":5},"minecraft:custom":{"minecraft:time_since_rest":5659,"minecraft:crouch_one_cm":1808,"minecraft:play_time":5659,"minecraft:sprint_one_cm":9924,"minecraft:damage_taken":188,"minecraft:walk_one_cm":13161,"minecraft:sneak_time":788,"minecraft:walk_under_water_one_cm":735,"minecraft:mob_kills":9,"minecraft:jump":126,"minecraft:damage_dealt":1007,"minecraft:time_since_death":5659,"minecraft:walk_on_water_one_cm":1076,"minecraft:total_world_time":5659,"minecraft:interact_with_crafting_table":3,"minecraft:swim_one_cm":790,"minecraft:fall_one_cm":1981,"minecraft:fly_one_cm":26913},"minecraft:mined":{"minecraft:short_grass":5,"minecraft:oak_log":5,"minecraft:gravel":4,"minecraft:dirt":7,"minecraft:stone":6,"minecraft:andesite":16}},"DataVersion":3953}