{"stats":{"minecraft:broken":{"minecraft:stone_axe":1},"minecraft:custom":{"minecraft:interact_with_furnace":25,"minecraft:mob_kills":53,"minecraft:interact_with_crafting_table":19,"minecraft:leave_game":2,"minecraft:time_since_death":60024,"minecraft:sleep_in_bed":1,"minecraft:time_since_rest":8119,"minecraft:sprint_one_cm":144335,"minecraft:damage_taken":1041,"minecraft:walk_one_cm":119587,"minecraft:drop":5,"minecraft:damage_dealt":5525,"minecraft:swim_one_cm":44279,"minecraft:fly_one_cm":345666,"minecraft:open_chest":1,"minecraft:crouch_one_cm":9062,"minecraft:play_time":60024,"minecraft:sneak_time":3534,"minecraft:walk_under_water_one_cm":6396,"minecraft:boat_one_cm":11143,"minecraft:jump":1720,"minecraft:interact_with_brewingstand":1,"minecraft:walk_on_water_one_cm":12013,"minecraft:interact_with_smoker":1,"minecraft:total_world_time":60024,"minecraft:fall_one_cm":52372,"minecraft:horse_one_cm":3203},"minecraft:used":{"minecraft:cooked_mutton":14,"minecraft:water_bucket":103,"minecraft:flint_and_steel":4,"minecraft:stone_pickaxe":80,"minecraft:wooden_pickaxe":26,"minecraft:torch":5,"minecraft:dirt":83,"minecraft:crafting_table":5,"minecraft:white_bed":1,"minecraft:wooden_axe":15,"minecraft:lava_bucket":15,"minecraft:iron_pickaxe":158,"minecraft:stone_axe":98,"minecraft:cobblestone":33,"minecraft:furnace":4,"minecraft:bucket":118,"minecraft:andesite":15,"minecraft:oak_boat":1,"minecraft:cooked_beef":3},"minecraft:crafted":{"minecraft:cooked_beef":3,"minecraft:oak_planks":84,"minecraft:crafting_table":2,"minecraft:wooden_pickaxe":1,"minecraft:furnace":1,"minecraft:bucket":1,"minecraft:stone_axe":1,"minecraft:cooked_mutton":41,"minecraft:air":0,"minecraft:flint_and_steel":1,"minecraft:oak_boat":1,"minecraft:stick":12,"minecraft:iron_ingot":10,"minecraft:iron_pickaxe":1,"minecraft:stone_pickaxe":1,"minecraft:wooden_axe":1,"minecraft:white_bed":1,"minecraft:torch":8},"minecraft:dropped":{"minecraft:wheat_seeds":5,"minecraft:spider_eye":1},"minecraft:mined":{"minecraft:crafting_table":3,"minecraft:torch":1,"minecraft:granite":1,"minecraft:short_grass":17,"minecraft:grass_block":13,"minecraft:tall_grass":10,"minecraft:copper_ore":1,"minecraft:cobblestone":32,"minecraft:sugar_cane":9,"minecraft:diorite":3,"minecraft:wall_torch":4,"minecraft:furnace":3,"minecraft:iron_ore":28,"minecraft:fire":4,"minecraft:andesite":19,"minecraft:coal_ore":10,"minecraft:oak_log":21,"minecraft:gravel":11,"minecraft:sand":17,"minecraft:dirt":41,"minecraft:stone":121,"minecraft:oak_leaves":8},"minecraft:killed":{"minecraft:pig":2,"minecraft:spider":2,"minecraft:sheep":29,"minecraft:skeleton":1,"minecraft:zombie":5,"minecraft:cow":12},"minecraft:picked_up":{"minecraft:crafting_table":3,"minecraft:cooked_beef":7,"minecraft:andesite":19,"minecraft:leather":9,"minecraft:flint":2,"minecraft:oak_log":21,"minecraft:gunpowder":2,"minecraft:dirt":83,"minecraft:string":1,"minecraft:wheat_seeds":5,"minecraft:beef":17,"minecraft:oak_boat":1,"minecraft:sugar_cane":25,"minecraft:egg":2,"minecraft:furnace":3,"minecraft:raw_iron":28,"minecraft:torch":5,"minecraft:gravel":9,"minecraft:porkchop":3,"minecraft:sand":6,"minecraft:diorite":3,"minecraft:spider_eye":2,"minecraft:arrow":2,"minecraft:rotten_flesh":6,"minecraft:granite":1,"minecraft:oak_sapling":1,"minecraft:mutton":44,"minecraft:coal":23,"minecraft:white_wool":28,"minecraft:cobblestone":131}},"DataVersion":3953}