{"stats":{"minecraft:broken":{"minecraft:stone_axe":1},"minecraft:custom":{"minecraft:interact_with_furnace":31,"minecraft:mob_kills":53,"minecraft:interact_with_crafting_table":22,"minecraft:leave_game":4,"minecraft:time_since_death":72242,"minecraft:sleep_in_bed":2,"minecraft:time_since_rest":6546,"minecraft:sprint_one_cm":174504,"minecraft:damage_taken":1171,"minecraft:walk_one_cm":130050,"minecraft:drop":5,"minecraft:damage_dealt":5548,"minecraft:swim_one_cm":44279,"minecraft:fly_one_cm":415818,"minecraft:open_chest":2,"minecraft:crouch_one_cm":9895,"minecraft:play_time":72242,"minecraft:sneak_time":3824,"minecraft:walk_under_water_one_cm":6396,"minecraft:boat_one_cm":11143,"minecraft:jump":2000,"minecraft:interact_with_brewingstand":1,"minecraft:walk_on_water_one_cm":12013,"minecraft:total_world_time":72242,"minecraft:interact_with_smoker":1,"minecraft:fall_one_cm":62582,"minecraft:horse_one_cm":36337},"minecraft:used":{"minecraft:cooked_mutton":16,"minecraft:water_bucket":103,"minecraft:flint_and_steel":4,"minecraft:stone_pickaxe":80,"minecraft:chest":2,"minecraft:wooden_pickaxe":26,"minecraft:torch":5,"minecraft:dirt":84,"minecraft:crafting_table":5,"minecraft:white_bed":1,"minecraft:wooden_axe":15,"minecraft:lava_bucket":15,"minecraft:iron_axe":13,"minecraft:iron_pickaxe":185,"minecraft:stone_axe":98,"minecraft:cobblestone":33,"minecraft:furnace":4,"minecraft:bucket":118,"minecraft:andesite":15,"minecraft:oak_boat":1,"minecraft:cooked_beef":3},"minecraft:crafted":{"minecraft:cooked_beef":3,"minecraft:oak_planks":84,"minecraft:crafting_table":2,"minecraft:wooden_pickaxe":1,"minecraft:furnace":1,"minecraft:bucket":1,"minecraft:stone_axe":1,"minecraft:cooked_mutton":44,"minecraft:air":0,"minecraft:flint_and_steel":1,"minecraft:oak_boat":1,"minecraft:shield":1,"minecraft:iron_axe":1,"minecraft:stick":16,"minecraft:iron_ingot":22,"minecraft:iron_pickaxe":1,"minecraft:stone_pickaxe":1,"minecraft:wooden_axe":1,"minecraft:chest":2,"minecraft:white_bed":1,"minecraft:torch":8},"minecraft:dropped":{"minecraft:wheat_seeds":5,"minecraft:spider_eye":1},"minecraft:mined":{"minecraft:cherry_log":10,"minecraft:crafting_table":3,"minecraft:torch":1,"minecraft:granite":1,"minecraft:short_grass":19,"minecraft:grass_block":18,"minecraft:tall_grass":10,"minecraft:copper_ore":1,"minecraft:cobblestone":32,"minecraft:sugar_cane":9,"minecraft:diorite":3,"minecraft:wall_torch":4,"minecraft:pink_petals":1,"minecraft:furnace":3,"minecraft:iron_ore":28,"minecraft:fire":4,"minecraft:andesite":19,"minecraft:coal_ore":32,"minecraft:oak_log":21,"minecraft:cherry_leaves":1,"minecraft:gravel":11,"minecraft:sand":17,"minecraft:dirt":45,"minecraft:stone":126,"minecraft:oak_leaves":8},"minecraft:killed":{"minecraft:pig":2,"minecraft:spider":2,"minecraft:sheep":29,"minecraft:skeleton":1,"minecraft:zombie":5,"minecraft:cow":12},"minecraft:picked_up":{"minecraft:pink_petals":2,"minecraft:crafting_table":3,"minecraft:cooked_beef":7,"minecraft:andesite":19,"minecraft:leather":9,"minecraft:flint":2,"minecraft:oak_log":21,"minecraft:gunpowder":2,"minecraft:string":1,"minecraft:dirt":92,"minecraft:wheat_seeds":5,"minecraft:beef":17,"minecraft:oak_boat":1,"minecraft:sugar_cane":25,"minecraft:egg":2,"minecraft:furnace":3,"minecraft:raw_iron":28,"minecraft:torch":5,"minecraft:gravel":9,"minecraft:porkchop":3,"minecraft:sand":6,"minecraft:cherry_log":10,"minecraft:diorite":3,"minecraft:spider_eye":2,"minecraft:arrow":2,"minecraft:rotten_flesh":6,"minecraft:granite":1,"minecraft:cherry_sapling":1,"minecraft:oak_sapling":1,"minecraft:mutton":44,"minecraft:coal":45,"minecraft:white_wool":28,"minecraft:cobblestone":136}},"DataVersion":3953}